latitude,longitude,uuid,kreis_name,kreis_schluessel,gemeindeverband_name,gemeindeverband_schluessel,gemeinde_name,gemeinde_schluessel,gemeindeteil_name,gemeindeteil_schluessel,strasse_name,strasse_schluessel,hausnummer,hausnummer_zusatz,postleitzahl,bezeichnung,betreiber,barrierefrei,oeffnungszeiten,telefon,fax,email,website
54.091110822115581,12.123071426032503,eff1f35a-19b6-11e5-80bf-0050569b7e95,Rostock,13003,"Rostock, Hansestadt",130030000,"Rostock, Hansestadt",130030000000,Kröpeliner-Tor-Vorstadt,0016,Friedrichstr.,02620,23,,18057,LiWu – Lichtspieltheater Wundervoll (Frieda 23),Ro-Cine e.V.,,,,,mail@liwu.de,http://www.liwu.de/
54.088822003179494,12.134585347168343,ef6b1e02-19b6-11e5-80bb-0050569b7e95,Rostock,13003,"Rostock, Hansestadt",130030000,"Rostock, Hansestadt",130030000000,Stadtmitte,0019,Breite Str.,01580,3,,18055,CineStar Rostock Capitol,Greater Union First Cinema B.V. & Co. KG,,,+49 381 2525222,,,http://www.cinestar.de/de/kino/rostock-cinestar-capitol/
54.087844874763498,12.120211081356615,efd023d8-19b6-11e5-80be-0050569b7e95,Rostock,13003,"Rostock, Hansestadt",130030000,"Rostock, Hansestadt",130030000000,Kröpeliner-Tor-Vorstadt,0016,Barnstorfer Weg,01120,4,,18057,LiWu – Lichtspieltheater Wundervoll (Metropol),Ro-Cine e.V.,,,+49 381 4903859,+49 381 4591499,mail@liwu.de,http://www.liwu.de/
54.180644928145071,12.085896651667991,ef8cbada-19b6-11e5-80bc-0050569b7e95,Rostock,13003,"Rostock, Hansestadt",130030000,"Rostock, Hansestadt",130030000000,Seebad Warnemünde,0001,Am Leuchtturm,00450,15,,18119,Ostsee-Welten,Ostsee-Welten GmbH,,,+49 381 5105044,+49 381 5105045,info@ostsee-welten.de,http://www.ostsee-welten.de/
54.138859675966671,12.056781480236374,efae5e24-19b6-11e5-80bd-0050569b7e95,Rostock,13003,"Rostock, Hansestadt",130030000,"Rostock, Hansestadt",130030000000,Lütten Klein,0010,St.-Petersburger Str.,06530,18,b,18107,CineStar Lütten Klein,Greater Union First Cinema B.V. & Co. KG,,,+49 381 7769990,,,http://www.cinestar.de/de/kino/rostock-cinestar/
